{"gsm8k_analysis": {"baseline": {"valid": 499, "accuracy": 448, "accuracy_rate": 0.8977955911823647, "confidence": 9.549098196392785}, "experiment": {"valid": 500, "accuracy": 448, "accuracy_rate": 0.896, "confidence": 9.396}, "length": {"baseline_length": 752.8376753507014, "experiment_length": 759.57, "t_statistics": -0.4595859849864024, "p_value": 0.6459136151826507}, "both_incorrect": {"baseline_confidence_rate": 9.4, "experiment_confidence_rate": 9.333333333333334, "t_statistics": 0.5280588545286897, "p_value": 0.599473118803719}}, "aime_analysis": {"baseline": {"valid": 304, "accuracy": 5, "accuracy_rate": 0.01644736842105263, "confidence": 9.361842105263158}, "experiment": {"valid": 303, "accuracy": 2, "accuracy_rate": 0.006600660066006601, "confidence": 9.303630363036303}, "length": {"baseline_length": 1146.4506578947369, "experiment_length": 1196.4686468646864, "t_statistics": -1.902436179186198, "p_value": 0.05758870667915605}, "both_incorrect": {"baseline_confidence_rate": 9.35191637630662, "experiment_confidence_rate": 9.317073170731707, "t_statistics": 0.7407656117026694, "p_value": 0.4591395423040703}}, "aime_sonnet_analysis": {"baseline": {"valid": 311, "accuracy": 42, "accuracy_rate": 0.13504823151125403, "confidence": 7.610932475884244}, "experiment": {"valid": 305, "accuracy": 18, "accuracy_rate": 0.05901639344262295, "confidence": 7.039344262295082}, "length": {"baseline_length": 2087.186495176849, "experiment_length": 2700.137704918033, "t_statistics": -7.760771976345956, "p_value": 3.539645726533532e-14}, "both_incorrect": {"baseline_confidence_rate": 7.43359375, "experiment_confidence_rate": 6.9296875, "t_statistics": 3.851195440335847, "p_value": 0.00013250327283894725}}}